scene_id,status,scene_type,room_type_guess,n_objects_total,n_valid_objects,n_categories_total,n_valid_categories,n_chair,n_table,n_desk,n_sofa,n_bed,n_door,n_cabinet,n_monitor,n_valid_chair,n_valid_table,n_valid_desk,n_valid_sofa,n_valid_bed,n_valid_door,n_valid_cabinet,n_valid_monitor,has_surface,has_furniture,has_reference,has_required_categories,is_candidate,notes
scene0081_01,ok,lobby,mixed_other,40,34,3,3,26,8,0,0,0,0,0,1,26,7,0,0,0,0,0,1,True,True,True,True,True,
scene0059_00,ok,living room / lounge,living_room,45,30,5,5,14,2,0,3,0,8,3,0,14,2,0,3,0,8,3,0,True,True,True,True,True,
scene0095_00,ok,classroom,mixed_other,59,29,5,5,16,1,0,0,0,1,1,10,16,1,0,0,0,1,1,10,True,True,True,True,True,
scene0066_00,ok,conference room,office_study,37,29,4,4,26,1,0,0,0,1,1,0,26,1,0,0,0,1,1,0,True,True,True,True,True,
scene0095_01,ok,classroom,mixed_other,44,29,4,4,17,1,0,0,0,0,1,10,17,1,0,0,0,0,1,10,True,True,True,True,True,
scene0140_00,ok,conference room,office_study,47,29,4,4,24,1,0,0,0,2,2,0,24,1,0,0,0,2,2,0,True,True,True,True,True,
scene0140_01,ok,conference room,office_study,43,28,4,4,24,1,0,0,0,1,2,0,24,1,0,0,0,1,2,0,True,True,True,True,True,
scene0041_00,ok,classroom,mixed_other,41,28,3,3,22,5,0,0,0,1,0,0,22,5,0,0,0,1,0,0,True,True,True,True,True,
scene0088_00,ok,conference room,office_study,36,28,3,3,25,1,0,0,0,2,0,0,25,1,0,0,0,2,0,0,True,True,True,True,True,
scene0088_02,ok,conference room,office_study,39,27,4,4,24,1,0,0,0,1,1,0,24,1,0,0,0,1,1,0,True,True,True,True,True,
scene0138_00,ok,office,office_study,52,26,6,6,7,1,3,0,0,1,7,7,7,1,3,0,0,1,7,7,True,True,True,True,True,
scene0106_00,ok,computercluster,mixed_other,41,26,5,5,13,4,0,2,0,1,0,6,13,4,0,2,0,1,0,6,True,True,True,True,True,
scene0106_01,ok,computercluster,mixed_other,45,26,5,5,12,4,0,2,0,1,0,7,12,4,0,2,0,1,0,7,True,True,True,True,True,
scene0056_00,ok,computercluster,mixed_other,40,26,4,4,15,3,0,0,0,1,0,7,15,3,0,0,0,1,0,7,True,True,True,True,True,
scene0059_01,ok,living room / lounge,living_room,39,25,5,5,15,1,0,2,0,4,3,0,15,1,0,2,0,4,3,0,True,True,True,True,True,
scene0030_02,ok,classroom,mixed_other,100,25,3,3,17,6,0,0,0,2,0,0,17,6,0,0,0,2,0,0,True,True,True,True,True,
scene0041_01,ok,unknown,mixed_other,39,25,3,3,20,5,0,0,0,2,0,0,18,5,0,0,0,2,0,0,True,True,True,True,True,
scene0030_00,ok,classroom,mixed_other,90,24,3,3,17,5,0,0,0,2,0,0,17,5,0,0,0,2,0,0,True,True,True,True,True,
scene0088_03,ok,conference room,office_study,29,24,3,3,22,1,0,0,0,1,0,0,22,1,0,0,0,1,0,0,True,True,True,True,True,
scene0030_01,ok,classroom,mixed_other,75,23,3,3,16,5,0,0,0,2,0,0,16,5,0,0,0,2,0,0,True,True,True,True,True,
scene0010_01,ok,office,office_study,61,22,6,6,5,1,3,0,0,2,4,7,5,1,3,0,0,2,4,7,True,True,True,True,True,
scene0022_01,ok,living room / lounge,living_room,39,22,5,5,13,4,0,1,0,2,2,0,13,4,0,1,0,2,2,0,True,True,True,True,True,
scene0142_00,ok,office,office_study,46,21,6,6,5,5,1,0,0,1,4,5,5,5,1,0,0,1,4,5,True,True,True,True,True,
scene0088_01,ok,conference room,office_study,29,21,3,3,18,2,0,0,0,1,0,0,18,2,0,0,0,1,0,0,True,True,True,True,True,
scene0142_01,ok,office,office_study,44,20,5,5,5,0,6,0,0,1,3,5,5,0,6,0,0,1,3,5,True,True,True,True,True,
scene0022_00,ok,living room / lounge,living_room,35,20,4,4,13,4,0,1,0,2,0,0,13,4,0,1,0,2,0,0,True,True,True,True,True,
scene0023_00,ok,misc.,mixed_other,29,20,3,3,16,3,0,0,0,0,0,1,16,3,0,0,0,0,0,1,True,True,True,True,True,
scene0040_00,ok,office,office_study,78,19,7,7,4,1,3,1,0,1,5,4,4,1,3,1,0,1,5,4,True,True,True,True,True,
scene0040_01,ok,office,office_study,71,19,7,7,5,1,3,1,0,1,4,4,5,1,3,1,0,1,4,4,True,True,True,True,True,
scene0054_00,ok,apartment,mixed_other,100,19,7,7,2,2,1,1,0,11,1,1,2,2,1,1,0,11,1,1,True,True,True,True,True,
scene0002_00,ok,living room / lounge,living_room,70,19,6,6,3,2,0,1,0,7,4,2,3,2,0,1,0,7,4,2,True,True,True,True,True,
scene0011_00,ok,kitchen,mixed_other,33,19,5,5,11,2,0,0,0,2,3,1,11,2,0,0,0,2,3,1,True,True,True,True,True,
scene0106_02,ok,office,office_study,27,19,5,5,7,3,0,2,0,1,0,6,7,3,0,2,0,1,0,6,True,True,True,True,True,
scene0012_01,ok,living room / lounge,living_room,35,19,3,3,4,1,0,0,0,14,0,0,4,1,0,0,0,14,0,0,True,True,True,True,True,
scene0010_00,ok,office,office_study,66,18,6,6,5,1,1,0,0,1,3,7,5,1,1,0,0,1,3,7,True,True,True,True,True,
scene0056_01,ok,computercluster,mixed_other,32,18,5,5,9,2,1,0,0,1,0,5,9,2,1,0,0,1,0,5,True,True,True,True,True,
scene0000_00,ok,apartment,mixed_other,67,17,7,7,0,3,1,1,1,3,7,1,0,3,1,1,1,3,7,1,True,True,True,True,True,
scene0002_01,ok,living room / lounge,living_room,63,17,6,6,3,3,0,1,0,5,3,2,3,3,0,1,0,5,3,2,True,True,True,True,True,
scene0058_01,ok,office,office_study,35,17,6,6,5,1,2,0,0,1,2,6,5,1,2,0,0,1,2,6,True,True,True,True,True,
scene0114_01,ok,office,office_study,29,17,6,6,4,2,1,0,0,1,7,2,4,2,1,0,0,1,7,2,True,True,True,True,True,
scene0114_02,ok,office,office_study,31,17,6,6,4,1,2,0,0,1,7,2,4,1,2,0,0,1,7,2,True,True,True,True,True,
scene0141_00,ok,office,office_study,70,17,6,6,3,0,3,1,0,2,4,4,3,0,3,1,0,2,4,4,True,True,True,True,True,
scene0141_01,ok,office,office_study,70,17,6,6,3,0,3,1,0,2,4,4,3,0,3,1,0,2,4,4,True,True,True,True,True,
scene0141_02,ok,office,office_study,67,17,6,6,3,0,3,1,0,2,4,4,3,0,3,1,0,2,4,4,True,True,True,True,True,
scene0059_02,ok,living room / lounge,living_room,25,17,4,4,12,1,0,2,0,2,0,0,12,1,0,2,0,2,0,0,True,True,True,True,True,
scene0076_00,ok,kitchen,mixed_other,30,17,4,4,13,1,0,0,0,0,2,1,13,1,0,0,0,0,2,1,True,True,True,True,True,
scene0012_00,ok,living room / lounge,living_room,33,17,3,3,4,1,0,0,0,12,0,0,4,1,0,0,0,12,0,0,True,True,True,True,True,
scene0012_02,ok,living room / lounge,living_room,33,17,3,3,4,1,0,0,0,12,0,0,4,1,0,0,0,12,0,0,True,True,True,True,True,
scene0000_02,ok,apartment,mixed_other,71,16,8,7,2,1,1,1,1,3,6,2,2,0,1,1,1,3,6,2,True,True,True,True,True,
scene0025_01,ok,office,office_study,38,16,7,7,2,1,1,2,0,2,4,4,2,1,1,2,0,2,4,4,True,True,True,True,True,
scene0000_01,ok,apartment,mixed_other,72,16,6,6,0,0,1,1,1,3,9,1,0,0,1,1,1,3,9,1,True,True,True,True,True,
scene0025_00,ok,office,office_study,42,16,6,6,2,0,2,2,0,1,4,5,2,0,2,2,0,1,4,5,True,True,True,True,True,
scene0058_00,ok,office,office_study,41,16,6,6,4,1,2,0,0,1,3,5,4,1,2,0,0,1,3,5,True,True,True,True,True,
scene0114_00,ok,office,office_study,29,16,6,6,4,1,2,0,0,1,6,2,4,1,2,0,0,1,6,2,True,True,True,True,True,
scene0011_01,ok,kitchen,mixed_other,31,16,5,5,10,1,0,0,0,1,3,1,10,1,0,0,0,1,3,1,True,True,True,True,True,
scene0024_01,ok,living room / lounge,living_room,58,16,5,5,7,5,0,1,0,2,1,0,7,5,0,1,0,2,1,0,True,True,True,True,True,
scene0047_00,ok,kitchen,mixed_other,42,16,4,4,3,1,0,0,0,6,6,0,3,1,0,0,0,6,6,0,True,True,True,True,True,
scene0102_01,ok,dining room,mixed_other,38,16,4,4,10,1,0,0,0,4,1,0,10,1,0,0,0,4,1,0,True,True,True,True,True,
scene0132_00,ok,lobby,mixed_other,28,16,4,4,10,4,0,1,0,0,0,1,10,4,0,1,0,0,0,1,True,True,True,True,True,
scene0132_01,ok,lobby,mixed_other,27,16,4,4,9,5,0,1,0,0,0,1,9,5,0,1,0,0,0,1,True,True,True,True,True,
scene0132_02,ok,lobby,mixed_other,26,16,4,4,10,4,0,1,0,0,0,1,10,4,0,1,0,0,0,1,True,True,True,True,True,
scene0207_00,ok,apartment,mixed_other,71,15,8,8,2,1,1,1,1,4,4,1,2,1,1,1,1,4,4,1,True,True,True,True,True,
scene0025_02,ok,office,office_study,40,15,6,6,2,0,2,2,0,1,4,4,2,0,2,2,0,1,4,4,True,True,True,True,True,
scene0008_00,ok,lobby,mixed_other,33,15,5,5,4,5,0,2,0,2,0,2,4,5,0,2,0,2,0,2,True,True,True,True,True,
scene0024_00,ok,living room / lounge,living_room,65,15,5,5,7,4,0,1,0,2,1,0,7,4,0,1,0,2,1,0,True,True,True,True,True,
scene0024_02,ok,living room / lounge,living_room,64,15,5,5,7,4,0,1,0,2,1,0,7,4,0,1,0,2,1,0,True,True,True,True,True,
scene0131_02,ok,office,office_study,39,15,5,5,9,0,1,1,0,0,1,3,9,0,1,1,0,0,1,3,True,True,True,True,True,
scene0001_00,ok,living room / lounge,living_room,23,15,4,4,4,5,0,4,0,2,0,0,4,5,0,4,0,2,0,0,True,True,True,True,True,
scene0102_00,ok,dining room,mixed_other,39,14,4,4,9,1,0,0,0,3,1,0,9,1,0,0,0,3,1,0,True,True,True,True,True,
scene0131_00,ok,office,office_study,44,14,4,4,9,0,1,1,0,0,0,3,9,0,1,1,0,0,0,3,True,True,True,True,True,
scene0131_01,ok,office,office_study,41,14,4,4,9,0,1,1,0,0,0,3,9,0,1,1,0,0,0,3,True,True,True,True,True,
scene0137_01,ok,bedroom / hotel,bedroom,35,13,6,6,2,1,1,0,3,4,0,2,2,1,1,0,3,4,0,2,True,True,True,True,True,
scene0017_01,ok,office,office_study,31,13,5,5,4,0,1,0,0,1,3,4,4,0,1,0,0,1,3,4,True,True,True,True,True,
scene0181_00,ok,kitchen,mixed_other,46,13,5,5,4,2,0,1,0,2,4,0,4,2,0,1,0,2,4,0,True,True,True,True,True,
scene0001_01,ok,living room / lounge,living_room,23,13,4,4,4,4,0,4,0,1,0,0,4,4,0,4,0,1,0,0,True,True,True,True,True,
scene0075_00,ok,conference room,office_study,24,13,3,3,11,1,0,0,0,0,0,1,11,1,0,0,0,0,0,1,True,True,True,True,True,
scene0101_00,ok,apartment,mixed_other,89,12,8,8,1,1,1,1,1,3,3,1,1,1,1,1,1,3,3,1,True,True,True,True,True,
scene0101_01,ok,apartment,mixed_other,84,12,7,7,1,0,1,1,1,3,4,1,1,0,1,1,1,3,4,1,True,True,True,True,True,
scene0017_00,ok,office,office_study,29,12,5,5,4,0,1,0,0,1,2,4,4,0,1,0,0,1,2,4,True,True,True,True,True,
scene0093_00,ok,office,office_study,25,12,4,4,5,1,0,0,0,0,2,4,5,1,0,0,0,0,2,4,True,True,True,True,True,
scene0093_01,ok,office,office_study,23,12,4,4,5,1,0,0,0,0,2,4,5,1,0,0,0,0,2,4,True,True,True,True,True,
scene0093_02,ok,office,office_study,24,12,4,4,5,1,0,0,0,0,2,4,5,1,0,0,0,0,2,4,True,True,True,True,True,
scene0101_02,ok,apartment,mixed_other,79,11,7,7,1,0,1,1,1,3,3,1,1,0,1,1,1,3,3,1,True,True,True,True,True,
scene0006_02,ok,bedroom / hotel,bedroom,52,11,6,6,3,2,0,0,2,2,1,1,3,2,0,0,2,2,1,1,True,True,True,True,True,
scene0050_02,ok,living room / lounge,living_room,34,11,5,5,2,1,1,1,0,6,0,0,2,1,1,1,0,6,0,0,True,True,True,True,True,
scene0111_00,ok,kitchen,mixed_other,48,11,5,5,0,1,0,1,0,3,4,2,0,1,0,1,0,3,4,2,True,True,True,True,True,
scene0111_01,ok,kitchen,mixed_other,43,11,5,5,0,1,0,1,0,3,4,2,0,1,0,1,0,3,4,2,True,True,True,True,True,
scene0111_02,ok,kitchen,mixed_other,49,11,5,5,0,1,0,1,0,4,3,2,0,1,0,1,0,4,3,2,True,True,True,True,True,
scene0126_00,ok,office,office_study,40,11,5,5,3,0,2,0,0,1,3,2,3,0,2,0,0,1,3,2,True,True,True,True,True,
scene0137_00,ok,bedroom / hotel,bedroom,35,11,5,5,2,0,1,0,2,4,0,2,2,0,1,0,2,4,0,2,True,True,True,True,True,
scene0137_02,ok,bedroom / hotel,bedroom,39,11,5,5,2,0,1,0,2,4,0,2,2,0,1,0,2,4,0,2,True,True,True,True,True,
scene0048_01,ok,lobby,mixed_other,20,11,3,3,8,2,0,0,0,0,2,0,7,2,0,0,0,0,2,0,True,True,True,True,True,
scene0149_00,ok,kitchen,mixed_other,31,11,3,3,1,1,0,0,0,0,9,0,1,1,0,0,0,0,9,0,True,True,True,True,True,
scene0101_05,ok,apartment,mixed_other,52,10,8,8,1,1,1,1,1,2,2,1,1,1,1,1,1,2,2,1,True,True,True,True,True,
scene0101_03,ok,apartment,mixed_other,60,10,7,7,1,0,1,1,1,3,2,1,1,0,1,1,1,3,2,1,True,True,True,True,True,
scene0006_00,ok,bedroom / hotel,bedroom,44,10,6,6,3,1,1,0,2,2,0,1,3,1,1,0,2,2,0,1,True,True,True,True,True,
scene0006_01,ok,bedroom / hotel,bedroom,47,10,6,6,3,1,1,0,2,2,0,1,3,1,1,0,2,2,0,1,True,True,True,True,True,
scene0017_02,ok,office,office_study,30,10,5,5,4,1,0,0,0,1,2,2,4,1,0,0,0,1,2,2,True,True,True,True,True,
scene0079_01,ok,hallway,mixed_other,19,10,5,5,4,2,1,0,0,2,0,1,4,2,1,0,0,2,0,1,True,True,True,True,True,
scene0098_00,ok,office,office_study,42,10,5,5,4,0,1,0,0,1,2,2,4,0,1,0,0,1,2,2,True,True,True,True,True,
scene0098_01,ok,office,office_study,48,10,5,5,4,0,2,0,0,1,2,1,4,0,2,0,0,1,2,1,True,True,True,True,True,
scene0126_01,ok,office,office_study,27,10,5,5,3,0,2,0,0,1,2,2,3,0,2,0,0,1,2,2,True,True,True,True,True,
scene0126_02,ok,office,office_study,29,10,5,5,3,0,2,0,0,1,2,2,3,0,2,0,0,1,2,2,True,True,True,True,True,
scene0050_00,ok,living room / lounge,living_room,36,10,4,4,2,0,1,1,0,6,0,0,2,0,1,1,0,6,0,0,True,True,True,True,True,
scene0050_01,ok,living room / lounge,living_room,34,10,4,4,2,0,1,1,0,6,0,0,2,0,1,1,0,6,0,0,True,True,True,True,True,
scene0118_02,ok,hallway,mixed_other,18,10,4,4,4,2,0,0,0,3,1,0,4,2,0,0,0,3,1,0,True,True,True,True,True,
scene0222_00,ok,bedroom / hotel,bedroom,43,10,4,4,2,0,2,0,2,4,0,0,2,0,2,0,2,4,0,0,True,True,True,True,True,
scene0051_01,ok,bedroom / hotel,bedroom,52,9,6,6,2,0,1,0,1,3,1,1,2,0,1,0,1,3,1,1,True,True,True,True,True,
scene0092_03,ok,bedroom / hotel,bedroom,90,9,6,6,1,0,1,0,1,2,1,3,1,0,1,0,1,2,1,3,True,True,True,True,True,
scene0092_04,ok,bedroom / hotel,bedroom,96,9,6,6,1,0,1,0,1,2,1,3,1,0,1,0,1,2,1,3,True,True,True,True,True,
scene0143_01,ok,bedroom / hotel,bedroom,50,9,6,6,2,0,1,0,1,3,2,1,2,0,1,0,1,2,2,1,True,True,True,True,True,
scene0005_00,ok,misc.,mixed_other,17,9,5,5,4,2,0,0,0,1,1,1,4,2,0,0,0,1,1,1,True,True,True,True,True,
scene0005_01,ok,misc.,mixed_other,18,9,5,5,4,2,0,0,0,1,1,1,4,2,0,0,0,1,1,1,True,True,True,True,True,
scene0057_00,ok,storage/basement/garage,mixed_other,29,9,4,4,1,3,0,0,0,1,4,0,1,3,0,0,0,1,4,0,True,True,True,True,True,
scene0063_00,ok,kitchen,mixed_other,20,9,4,4,4,1,0,0,0,1,3,0,4,1,0,0,0,1,3,0,True,True,True,True,True,
scene0079_00,ok,bookstore / library,mixed_other,22,9,4,4,5,2,0,0,0,1,0,1,5,2,0,0,0,1,0,1,True,True,True,True,True,
scene0087_00,ok,living room / lounge,living_room,18,9,4,4,5,2,0,1,0,1,0,0,5,2,0,1,0,1,0,0,True,True,True,True,True,
scene0087_01,ok,living room / lounge,living_room,20,9,4,4,5,2,0,1,0,1,0,0,5,2,0,1,0,1,0,0,True,True,True,True,True,
scene0087_02,ok,living room / lounge,living_room,20,9,4,4,5,2,0,1,0,1,0,0,5,2,0,1,0,1,0,0,True,True,True,True,True,
scene0089_01,ok,office,office_study,24,9,4,4,4,0,2,0,0,2,0,1,4,0,2,0,0,2,0,1,True,True,True,True,True,
scene0089_02,ok,office,office_study,26,9,4,4,4,0,2,0,0,2,0,1,4,0,2,0,0,2,0,1,True,True,True,True,True,
scene0130_00,ok,conference room,office_study,17,9,4,4,5,1,0,0,0,1,0,2,5,1,0,0,0,1,0,2,True,True,True,True,True,
scene0118_00,ok,hallway,mixed_other,17,9,3,3,4,2,0,0,0,3,0,0,4,2,0,0,0,3,0,0,True,True,True,True,True,
scene0118_01,ok,hallway,mixed_other,18,9,3,3,4,2,0,0,0,3,0,0,4,2,0,0,0,3,0,0,True,True,True,True,True,
scene0046_00,ok,apartment,mixed_other,57,8,6,6,1,1,1,0,1,3,0,1,1,1,1,0,1,3,0,1,True,True,True,True,True,
scene0046_02,ok,apartment,mixed_other,55,8,6,6,1,0,1,0,1,3,1,1,1,0,1,0,1,3,1,1,True,True,True,True,True,
scene0051_00,ok,bedroom / hotel,bedroom,51,8,5,5,2,1,0,0,1,3,0,1,2,1,0,0,1,3,0,1,True,True,True,True,True,
scene0051_02,ok,bedroom / hotel,bedroom,52,8,5,5,2,0,1,0,1,3,0,1,2,0,1,0,1,3,0,1,True,True,True,True,True,
scene0051_03,ok,bedroom / hotel,bedroom,52,8,5,5,2,0,1,0,1,3,0,1,2,0,1,0,1,3,0,1,True,True,True,True,True,
scene0057_01,ok,storage/basement/garage,mixed_other,23,8,4,4,1,2,0,0,0,1,4,0,1,2,0,0,0,1,4,0,True,True,True,True,True,
scene0089_00,ok,office,office_study,24,8,4,4,4,0,1,0,0,2,0,1,4,0,1,0,0,2,0,1,True,True,True,True,True,
scene0108_00,ok,office,office_study,36,8,4,4,4,0,2,0,0,1,0,1,4,0,2,0,0,1,0,1,True,True,True,True,True,
scene0110_00,ok,bedroom / hotel,bedroom,31,8,4,4,2,0,2,0,2,2,0,0,2,0,2,0,2,2,0,0,True,True,True,True,True,
scene0144_00,ok,bedroom / hotel,bedroom,31,8,4,4,3,1,0,0,1,3,0,0,3,1,0,0,1,3,0,0,True,True,True,True,True,
scene0048_00,ok,lobby,mixed_other,17,8,3,3,4,2,0,0,0,0,2,0,4,2,0,0,0,0,2,0,True,True,True,True,True,
scene0103_00,ok,conference room,office_study,15,8,3,3,6,1,0,0,0,1,0,0,6,1,0,0,0,1,0,0,True,True,True,True,True,
scene0103_01,ok,conference room,office_study,15,8,3,3,6,1,0,0,0,1,0,0,6,1,0,0,0,1,0,0,True,True,True,True,True,
scene0122_00,ok,conference room,office_study,17,8,3,3,5,1,0,0,0,2,0,0,5,1,0,0,0,2,0,0,True,True,True,True,True,
scene0122_01,ok,conference room,office_study,17,8,3,3,5,1,0,0,0,2,0,0,5,1,0,0,0,2,0,0,True,True,True,True,True,
scene0081_02,ok,lobby,mixed_other,35,34,2,2,27,7,0,0,0,0,0,0,27,7,0,0,0,0,0,0,True,True,False,False,False,
scene0015_00,ok,classroom,mixed_other,54,29,2,2,22,7,0,0,0,0,0,0,22,7,0,0,0,0,0,0,True,True,False,False,False,
scene0082_00,ok,living room / lounge,living_room,23,20,2,2,16,4,0,0,0,0,0,0,16,4,0,0,0,0,0,0,True,True,False,False,False,
scene0123_00,ok,bookstore / library,mixed_other,26,20,2,2,16,4,0,0,0,0,0,0,16,4,0,0,0,0,0,0,True,True,False,False,False,
scene0123_01,ok,bookstore / library,mixed_other,26,20,2,2,16,4,0,0,0,0,0,0,16,4,0,0,0,0,0,0,True,True,False,False,False,
scene0123_02,ok,bookstore / library,mixed_other,26,20,2,2,16,4,0,0,0,0,0,0,16,4,0,0,0,0,0,0,True,True,False,False,False,
scene0038_00,ok,bookstore / library,mixed_other,23,16,2,2,13,3,0,0,0,0,0,0,13,3,0,0,0,0,0,0,True,True,False,False,False,
scene0038_02,ok,bookstore / library,mixed_other,22,16,2,2,13,3,0,0,0,0,0,0,13,3,0,0,0,0,0,0,True,True,False,False,False,
scene0038_01,ok,bookstore / library,mixed_other,23,15,2,2,13,3,0,0,0,0,0,0,12,3,0,0,0,0,0,0,True,True,False,False,False,
scene0033_00,ok,living room / lounge,living_room,25,14,2,2,10,4,0,0,0,0,0,0,10,4,0,0,0,0,0,0,True,True,False,False,False,
scene0019_00,ok,hallway,mixed_other,24,13,3,3,10,0,0,1,0,2,0,0,10,0,0,1,0,2,0,0,False,True,True,False,False,
scene0019_01,ok,hallway,mixed_other,28,13,3,3,10,0,0,1,0,2,0,0,10,0,0,1,0,2,0,0,False,True,True,False,False,
scene0145_00,ok,lobby,mixed_other,18,13,3,3,8,4,0,1,0,0,0,0,8,4,0,1,0,0,0,0,True,True,False,False,False,
scene0164_00,ok,kitchen,mixed_other,56,11,2,2,0,0,0,0,0,1,10,0,0,0,0,0,0,1,10,0,False,False,True,False,False,
scene0031_01,ok,living room / lounge,living_room,19,10,3,3,3,3,0,4,0,0,0,0,3,3,0,4,0,0,0,0,True,True,False,False,False,
scene0004_00,ok,hallway,mixed_other,14,10,2,2,8,2,0,0,0,0,0,0,8,2,0,0,0,0,0,0,True,True,False,False,False,
scene0031_00,ok,living room / lounge,living_room,19,9,3,3,3,2,0,4,0,0,0,0,3,2,0,4,0,0,0,0,True,True,False,False,False,
scene0031_02,ok,living room / lounge,living_room,19,9,3,3,3,2,0,4,0,0,0,0,3,2,0,4,0,0,0,0,True,True,False,False,False,
scene0045_01,ok,living room / lounge,living_room,12,9,3,3,4,4,0,1,0,0,0,0,4,4,0,1,0,0,0,0,True,True,False,False,False,
scene0037_00,ok,bookstore / library,mixed_other,28,9,2,2,8,1,0,0,0,0,0,0,8,1,0,0,0,0,0,0,True,True,False,False,False,
scene0096_01,ok,bathroom,mixed_other,54,9,2,2,0,0,0,0,0,7,2,0,0,0,0,0,0,7,2,0,False,False,True,False,False,
scene0096_02,ok,bathroom,mixed_other,46,8,2,2,0,0,0,0,0,7,1,0,0,0,0,0,0,7,1,0,False,False,True,False,False,
scene0133_00,ok,hallway,mixed_other,21,8,2,2,5,0,0,0,0,4,0,0,5,0,0,0,0,3,0,0,False,True,True,False,False,
scene0150_00,ok,living room / lounge,living_room,14,8,2,2,6,2,0,0,0,0,0,0,6,2,0,0,0,0,0,0,True,True,False,False,False,
scene0150_01,ok,living room / lounge,living_room,13,8,2,2,6,2,0,0,0,0,0,0,6,2,0,0,0,0,0,0,True,True,False,False,False,
scene0091_00,ok,living room / lounge,living_room,30,7,6,6,1,1,1,1,0,1,0,2,1,1,1,1,0,1,0,2,True,True,True,True,False,
scene0101_04,ok,apartment,mixed_other,46,7,6,6,1,0,1,1,1,0,2,1,1,0,1,1,1,0,2,1,True,True,True,True,False,
scene0046_01,ok,apartment,mixed_other,57,7,5,5,1,1,0,0,1,3,0,1,1,1,0,0,1,3,0,1,True,True,True,True,False,
scene0078_02,ok,bedroom / hotel,bedroom,17,7,5,5,1,0,1,0,1,2,2,0,1,0,1,0,1,2,2,0,True,True,True,True,False,
scene0092_00,ok,bedroom / hotel,bedroom,61,7,5,5,1,0,1,0,1,1,0,3,1,0,1,0,1,1,0,3,True,True,True,True,False,
scene0092_01,ok,bedroom / hotel,bedroom,63,7,5,5,1,0,1,0,1,1,0,3,1,0,1,0,1,1,0,3,True,True,True,True,False,
scene0092_02,ok,bedroom / hotel,bedroom,61,7,5,5,1,0,1,0,1,1,0,3,1,0,1,0,1,1,0,3,True,True,True,True,False,
scene0045_00,ok,living room / lounge,living_room,12,7,4,4,2,3,0,1,0,0,0,1,2,3,0,1,0,0,0,1,True,True,True,True,False,
scene0049_00,ok,living room / lounge,living_room,34,7,4,4,1,3,0,1,0,0,0,2,1,3,0,1,0,0,0,2,True,True,True,True,False,
scene0064_00,ok,bookstore / library,mixed_other,57,7,4,4,2,2,0,2,0,1,0,0,2,2,0,2,0,1,0,0,True,True,True,True,False,
scene0073_03,ok,bedroom / hotel,bedroom,30,7,4,4,2,1,0,0,1,3,0,0,2,1,0,0,1,3,0,0,True,True,True,True,False,
scene0085_00,ok,bedroom / hotel,bedroom,39,7,4,4,1,0,0,0,2,2,0,2,1,0,0,0,2,2,0,2,False,True,True,False,False,
scene0110_01,ok,bedroom / hotel,bedroom,33,7,4,4,2,0,2,0,2,1,0,0,2,0,2,0,2,1,0,0,True,True,True,True,False,
scene0110_02,ok,bedroom / hotel,bedroom,33,7,4,4,2,0,2,0,2,1,0,0,2,0,2,0,2,1,0,0,True,True,True,True,False,
scene0115_02,ok,game room,mixed_other,16,7,4,4,1,3,0,0,0,1,2,0,1,3,0,0,0,1,2,0,True,True,True,True,False,
scene0117_00,ok,kitchen,mixed_other,43,7,4,4,2,1,0,0,0,1,3,0,2,1,0,0,0,1,3,0,True,True,True,True,False,
scene0127_00,ok,bedroom / hotel,bedroom,25,7,4,4,2,0,2,0,2,1,0,0,2,0,2,0,2,1,0,0,True,True,True,True,False,
scene0127_01,ok,bedroom / hotel,bedroom,24,7,4,4,2,0,2,0,2,1,0,0,2,0,2,0,2,1,0,0,True,True,True,True,False,
scene0144_01,ok,bedroom / hotel,bedroom,28,7,4,4,3,0,1,0,1,2,0,0,3,0,1,0,1,2,0,0,True,True,True,True,False,
scene0027_00,ok,living room / lounge,living_room,19,7,3,3,4,0,0,1,0,2,0,0,4,0,0,1,0,2,0,0,False,True,True,False,False,
scene0027_01,ok,living room / lounge,living_room,19,7,3,3,4,0,0,1,0,2,0,0,4,0,0,1,0,2,0,0,False,True,True,False,False,
scene0064_01,ok,bookstore / library,mixed_other,68,7,3,3,4,2,0,0,0,1,0,0,4,2,0,0,0,1,0,0,True,True,True,True,False,
scene0134_00,ok,lobby,mixed_other,18,7,3,3,4,2,0,0,0,0,1,0,4,2,0,0,0,0,1,0,True,True,True,True,False,
scene0134_02,ok,lobby,mixed_other,15,7,3,3,4,2,0,0,0,0,1,0,4,2,0,0,0,0,1,0,True,True,True,True,False,
scene0099_01,ok,misc.,mixed_other,13,7,2,2,5,2,0,0,0,0,0,0,5,2,0,0,0,0,0,0,True,True,False,False,False,
scene0104_00,ok,copy/mail room,mixed_other,43,7,2,2,0,0,0,0,0,3,4,0,0,0,0,0,0,3,4,0,False,False,True,False,False,
scene0094_00,ok,kitchen,mixed_other,21,7,1,1,0,0,0,0,0,0,7,0,0,0,0,0,0,0,7,0,False,False,True,False,False,
scene0096_00,ok,bathroom,mixed_other,49,7,1,1,0,0,0,0,0,7,0,0,0,0,0,0,0,7,0,0,False,False,True,False,False,
scene0070_00,ok,bedroom / hotel,bedroom,23,6,5,5,1,1,0,0,1,0,2,1,1,1,0,0,1,0,2,1,True,True,True,True,False,
scene0143_02,ok,bedroom / hotel,bedroom,37,6,5,5,2,1,1,0,1,1,0,0,2,1,1,0,1,1,0,0,True,True,True,True,False,
scene0055_02,ok,bedroom / hotel,bedroom,14,6,4,4,2,0,1,0,1,2,0,0,2,0,1,0,1,2,0,0,True,True,True,True,False,
scene0061_00,ok,living room / lounge,living_room,29,6,4,4,2,2,0,1,0,0,0,1,2,2,0,1,0,0,0,1,True,True,True,True,False,
scene0061_01,ok,living room / lounge,living_room,24,6,4,4,1,3,0,1,0,0,0,1,1,3,0,1,0,0,0,1,True,True,True,True,False,
scene0072_00,ok,bedroom / hotel,bedroom,36,6,4,4,0,2,0,0,1,2,1,0,0,2,0,0,1,2,1,0,True,True,True,True,False,
scene0072_02,ok,bedroom / hotel,bedroom,38,6,4,4,0,2,0,0,1,1,2,0,0,2,0,0,1,1,2,0,True,True,True,True,False,
scene0073_02,ok,bedroom / hotel,bedroom,31,6,4,4,2,1,0,0,1,2,0,0,2,1,0,0,1,2,0,0,True,True,True,True,False,
scene0107_00,ok,bedroom / hotel,bedroom,29,6,4,4,2,0,1,0,1,0,0,2,2,0,1,0,1,0,0,2,True,True,True,True,False,
scene0115_00,ok,game room,mixed_other,16,6,4,4,1,3,0,0,0,1,1,0,1,3,0,0,0,1,1,0,True,True,True,True,False,
scene0115_01,ok,game room,mixed_other,15,6,4,4,1,3,0,0,0,1,1,0,1,3,0,0,0,1,1,0,True,True,True,True,False,
scene0003_01,ok,kitchen,mixed_other,22,6,3,3,0,1,0,0,0,1,4,0,0,1,0,0,0,1,4,0,True,False,True,False,False,
scene0021_00,ok,living room / lounge,living_room,11,6,3,3,2,2,0,2,0,0,0,0,2,2,0,2,0,0,0,0,True,True,False,False,False,
scene0077_00,ok,office,office_study,23,6,3,3,0,1,0,0,0,4,1,0,0,1,0,0,0,4,1,0,True,False,True,False,False,
scene0134_01,ok,lobby,mixed_other,15,6,3,3,4,1,0,0,0,0,1,0,4,1,0,0,0,0,1,0,True,True,True,True,False,
scene0136_00,ok,copy/mail room,mixed_other,40,6,3,3,0,1,0,0,0,2,3,0,0,1,0,0,0,2,3,0,True,False,True,False,False,
scene0150_02,ok,living room / lounge,living_room,11,6,3,3,4,1,0,0,0,1,0,0,4,1,0,0,0,1,0,0,True,True,True,True,False,
scene0003_00,ok,kitchen,mixed_other,21,6,2,2,0,0,0,0,0,2,4,0,0,0,0,0,0,2,4,0,False,False,True,False,False,
scene0003_02,ok,kitchen,mixed_other,22,6,2,2,0,0,0,0,0,2,4,0,0,0,0,0,0,2,4,0,False,False,True,False,False,
scene0036_00,ok,living room / lounge,living_room,19,6,2,2,0,3,0,3,0,0,0,0,0,3,0,3,0,0,0,0,True,True,False,False,False,
scene0081_00,ok,living room / lounge,living_room,10,6,2,2,0,3,0,3,0,0,0,0,0,3,0,3,0,0,0,0,True,True,False,False,False,
scene0099_00,ok,misc.,mixed_other,11,6,2,2,4,2,0,0,0,0,0,0,4,2,0,0,0,0,0,0,True,True,False,False,False,
scene0086_01,ok,bathroom,mixed_other,32,6,1,1,0,0,0,0,0,6,0,0,0,0,0,0,0,6,0,0,False,False,True,False,False,
scene0086_02,ok,bathroom,mixed_other,33,6,1,1,0,0,0,0,0,6,0,0,0,0,0,0,0,6,0,0,False,False,True,False,False,
scene0032_00,ok,bedroom / hotel,bedroom,14,5,4,4,1,0,1,0,1,2,0,0,1,0,1,0,1,2,0,0,True,True,True,True,False,
scene0032_01,ok,bedroom / hotel,bedroom,16,5,4,4,1,0,1,0,1,2,0,0,1,0,1,0,1,2,0,0,True,True,True,True,False,
scene0035_00,ok,bedroom / hotel,bedroom,17,5,4,4,1,0,1,0,1,2,0,0,1,0,1,0,1,2,0,0,True,True,True,True,False,
scene0055_00,ok,bedroom / hotel,bedroom,13,5,4,4,1,0,1,0,1,2,0,0,1,0,1,0,1,2,0,0,True,True,True,True,False,
scene0055_01,ok,bedroom / hotel,bedroom,15,5,4,4,1,0,1,0,1,2,0,0,1,0,1,0,1,2,0,0,True,True,True,True,False,
scene0073_01,ok,bedroom / hotel,bedroom,25,5,4,4,1,1,0,0,1,2,0,0,1,1,0,0,1,2,0,0,True,True,True,True,False,
scene0078_00,ok,bedroom / hotel,bedroom,14,5,4,4,1,0,1,0,1,2,0,0,1,0,1,0,1,2,0,0,True,True,True,True,False,
scene0085_01,ok,bedroom / hotel,bedroom,34,5,4,4,1,0,0,0,2,1,0,1,1,0,0,0,2,1,0,1,False,True,True,False,False,
scene0077_01,ok,office,office_study,25,5,3,3,0,1,0,0,0,3,1,0,0,1,0,0,0,3,1,0,True,False,True,False,False,
scene0129_00,ok,living room / lounge,living_room,37,5,3,3,2,2,0,0,0,1,0,0,2,2,0,0,0,1,0,0,True,True,True,True,False,
scene0136_01,ok,copy/mail room,mixed_other,32,5,3,3,0,1,0,0,0,2,2,0,0,1,0,0,0,2,2,0,True,False,True,False,False,
scene0136_02,ok,copy/mail room,mixed_other,33,5,3,3,0,1,0,0,0,2,2,0,0,1,0,0,0,2,2,0,True,False,True,False,False,
scene0013_00,ok,living room / lounge,living_room,6,5,2,2,4,1,0,0,0,0,0,0,4,1,0,0,0,0,0,0,True,True,False,False,False,
scene0013_01,ok,living room / lounge,living_room,6,5,2,2,4,1,0,0,0,0,0,0,4,1,0,0,0,0,0,0,True,True,False,False,False,
scene0013_02,ok,living room / lounge,living_room,7,5,2,2,4,1,0,0,0,0,0,0,4,1,0,0,0,0,0,0,True,True,False,False,False,
scene0026_00,ok,bathroom,mixed_other,34,5,2,2,0,0,0,0,0,4,1,0,0,0,0,0,0,4,1,0,False,False,True,False,False,
scene0027_02,ok,living room / lounge,living_room,14,5,2,2,4,0,0,1,0,0,0,0,4,0,0,1,0,0,0,0,False,True,False,False,False,
scene0036_01,ok,living room / lounge,living_room,17,5,2,2,0,3,0,2,0,0,0,0,0,3,0,2,0,0,0,0,True,True,False,False,False,
scene0113_01,ok,living room / lounge,living_room,12,5,2,2,3,2,0,0,0,0,0,0,3,2,0,0,0,0,0,0,True,True,False,False,False,
scene0125_00,ok,living room / lounge,living_room,7,5,2,2,2,3,0,0,0,0,0,0,2,3,0,0,0,0,0,0,True,True,False,False,False,
scene0034_00,ok,bathroom,mixed_other,50,5,1,1,0,0,0,0,0,5,0,0,0,0,0,0,0,5,0,0,False,False,True,False,False,
scene0086_00,ok,bathroom,mixed_other,30,5,1,1,0,0,0,0,0,6,0,0,0,0,0,0,0,5,0,0,False,False,True,False,False,
scene0121_00,ok,closet,mixed_other,30,5,1,1,0,0,0,0,0,5,0,0,0,0,0,0,0,5,0,0,False,False,True,False,False,
scene0121_01,ok,closet,mixed_other,30,5,1,1,0,0,0,0,0,5,0,0,0,0,0,0,0,5,0,0,False,False,True,False,False,
scene0121_02,ok,closet,mixed_other,27,5,1,1,0,0,0,0,0,5,0,0,0,0,0,0,0,5,0,0,False,False,True,False,False,
scene0035_01,ok,bedroom / hotel,bedroom,16,4,4,4,1,0,1,0,1,1,0,0,1,0,1,0,1,1,0,0,True,True,True,True,False,
scene0039_00,ok,bedroom / hotel,bedroom,16,4,4,4,1,0,1,0,1,1,0,0,1,0,1,0,1,1,0,0,True,True,True,True,False,
scene0072_01,ok,bedroom / hotel,bedroom,33,4,4,4,0,1,0,0,1,1,1,0,0,1,0,0,1,1,1,0,True,True,True,True,False,
scene0073_00,ok,bedroom / hotel,bedroom,29,4,4,4,1,1,0,0,1,1,0,0,1,1,0,0,1,1,0,0,True,True,True,True,False,
scene0078_01,ok,bedroom / hotel,bedroom,16,4,4,4,1,0,1,0,1,1,0,0,1,0,1,0,1,1,0,0,True,True,True,True,False,
scene0060_00,ok,hallway,mixed_other,26,4,3,3,0,0,0,0,0,1,1,2,0,0,0,0,0,1,1,2,False,False,True,False,False,
scene0060_01,ok,hallway,mixed_other,30,4,3,3,0,0,0,0,0,1,1,2,0,0,0,0,0,1,1,2,False,False,True,False,False,
scene0128_00,ok,living room / lounge,living_room,22,4,3,3,0,2,0,1,0,1,0,0,0,2,0,1,0,1,0,0,True,True,True,True,False,
scene0139_00,ok,laundry room,mixed_other,27,4,3,3,0,1,0,0,0,2,1,0,0,1,0,0,0,2,1,0,True,False,True,False,False,
scene0014_00,ok,bathroom,mixed_other,34,4,2,2,0,0,0,0,0,3,1,0,0,0,0,0,0,3,1,0,False,False,True,False,False,
scene0053_00,ok,lobby,mixed_other,11,4,2,2,0,2,0,2,0,0,0,0,0,2,0,2,0,0,0,0,True,True,False,False,False,
scene0097_00,ok,kitchen,mixed_other,23,4,2,2,0,0,0,0,0,1,3,0,0,0,0,0,0,1,3,0,False,False,True,False,False,
scene0113_00,ok,living room / lounge,living_room,10,4,2,2,3,1,0,0,0,0,0,0,3,1,0,0,0,0,0,0,True,True,False,False,False,
scene0124_00,ok,bathroom,mixed_other,27,4,2,2,0,0,0,0,0,3,1,0,0,0,0,0,0,3,1,0,False,False,True,False,False,
scene0124_01,ok,bathroom,mixed_other,26,4,2,2,0,0,0,0,0,3,1,0,0,0,0,0,0,3,1,0,False,False,True,False,False,
scene0009_01,ok,bathroom,mixed_other,38,4,1,1,0,0,0,0,0,4,0,0,0,0,0,0,0,4,0,0,False,False,True,False,False,
scene0009_02,ok,bathroom,mixed_other,37,4,1,1,0,0,0,0,0,4,0,0,0,0,0,0,0,4,0,0,False,False,True,False,False,
scene0034_01,ok,bathroom,mixed_other,56,4,1,1,0,0,0,0,0,4,0,0,0,0,0,0,0,4,0,0,False,False,True,False,False,
scene0034_02,ok,bathroom,mixed_other,55,4,1,1,0,0,0,0,0,4,0,0,0,0,0,0,0,4,0,0,False,False,True,False,False,
scene0068_00,ok,kitchen,mixed_other,45,4,1,1,0,0,0,0,0,0,4,0,0,0,0,0,0,0,4,0,False,False,True,False,False,
scene0068_01,ok,kitchen,mixed_other,41,4,1,1,0,0,0,0,0,0,4,0,0,0,0,0,0,0,4,0,False,False,True,False,False,
scene0018_00,ok,copy/mail room,mixed_other,25,3,3,3,0,1,0,0,0,1,1,0,0,1,0,0,0,1,1,0,True,False,True,False,False,
scene0020_00,ok,bookstore / library,mixed_other,45,3,3,3,1,0,1,0,0,1,0,0,1,0,1,0,0,1,0,0,True,True,True,True,False,
scene0039_01,ok,bedroom / hotel,bedroom,14,3,3,3,1,0,1,0,1,0,0,0,1,0,1,0,1,0,0,0,True,True,False,False,False,
scene0147_00,ok,bedroom / hotel,bedroom,35,3,3,3,1,0,0,0,1,0,0,1,1,0,0,0,1,0,0,1,False,True,True,False,False,
scene0147_01,ok,bedroom / hotel,bedroom,43,3,3,3,1,0,0,0,1,0,0,1,1,0,0,0,1,0,0,1,False,True,True,False,False,
scene0007_00,ok,hallway,mixed_other,27,3,2,2,0,0,0,0,0,2,1,0,0,0,0,0,0,2,1,0,False,False,True,False,False,
scene0016_00,ok,gym,mixed_other,54,3,2,2,0,0,0,1,0,2,0,0,0,0,0,1,0,2,0,0,False,True,True,False,False,
scene0043_00,ok,hallway,mixed_other,16,3,2,2,2,0,1,0,0,0,0,0,2,0,1,0,0,0,0,0,True,True,False,False,False,
scene0043_01,ok,hallway,mixed_other,17,3,2,2,2,1,0,0,0,0,0,0,2,1,0,0,0,0,0,0,True,True,False,False,False,
scene0065_01,ok,bathroom,mixed_other,19,3,2,2,0,0,0,0,0,2,1,0,0,0,0,0,0,2,1,0,False,False,True,False,False,
scene0065_02,ok,bathroom,mixed_other,20,3,2,2,0,0,0,0,0,2,1,0,0,0,0,0,0,2,1,0,False,False,True,False,False,
scene0080_00,ok,bathroom,mixed_other,26,3,2,2,0,0,0,0,0,2,1,0,0,0,0,0,0,2,1,0,False,False,True,False,False,
scene0080_01,ok,bathroom,mixed_other,22,3,2,2,0,0,0,0,0,2,1,0,0,0,0,0,0,2,1,0,False,False,True,False,False,
scene0080_02,ok,bathroom,mixed_other,21,3,2,2,0,0,0,0,0,2,1,0,0,0,0,0,0,2,1,0,False,False,True,False,False,
scene0100_00,ok,bathroom,mixed_other,31,3,2,2,0,0,0,0,0,2,1,0,0,0,0,0,0,2,1,0,False,False,True,False,False,
scene0100_01,ok,bathroom,mixed_other,30,3,2,2,0,0,0,0,0,2,1,0,0,0,0,0,0,2,1,0,False,False,True,False,False,
scene0100_02,ok,bathroom,mixed_other,27,3,2,2,0,0,0,0,0,2,1,0,0,0,0,0,0,2,1,0,False,False,True,False,False,
scene0116_00,ok,bathroom,mixed_other,27,3,2,2,0,0,0,0,0,2,1,0,0,0,0,0,0,2,1,0,False,False,True,False,False,
scene0119_00,ok,bathroom,mixed_other,26,3,2,2,0,0,0,0,0,1,2,0,0,0,0,0,0,1,2,0,False,False,True,False,False,
scene0148_00,ok,living room / lounge,living_room,7,3,2,2,0,0,0,2,0,0,1,0,0,0,0,2,0,0,1,0,False,True,True,False,False,
scene0153_00,ok,bathroom,mixed_other,27,3,2,2,0,0,0,0,0,1,2,0,0,0,0,0,0,1,2,0,False,False,True,False,False,
scene0016_01,ok,gym,mixed_other,49,2,2,2,0,0,0,1,0,1,0,0,0,0,0,1,0,1,0,0,False,True,True,False,False,
scene0016_02,ok,gym,mixed_other,51,2,2,2,0,0,0,1,0,1,0,0,0,0,0,1,0,1,0,0,False,True,True,False,False,
scene0020_01,ok,bookstore / library,mixed_other,46,2,2,2,1,0,1,0,0,0,0,0,1,0,1,0,0,0,0,0,True,True,False,False,False,
scene0065_00,ok,bathroom,mixed_other,18,2,2,2,0,0,0,0,0,1,1,0,0,0,0,0,0,1,1,0,False,False,True,False,False,
scene0069_00,ok,stairs,mixed_other,12,2,2,2,0,1,0,0,0,1,0,0,0,1,0,0,0,1,0,0,True,False,True,False,False,
scene0135_00,ok,bathroom,mixed_other,19,2,2,2,0,0,0,0,0,1,1,0,0,0,0,0,0,1,1,0,False,False,True,False,False,
scene0143_00,ok,bedroom / hotel,bedroom,20,2,2,2,2,0,0,0,1,0,0,0,1,0,0,0,1,0,0,0,False,True,False,False,False,
scene0009_00,ok,bathroom,mixed_other,32,2,1,1,0,0,0,0,0,2,0,0,0,0,0,0,0,2,0,0,False,False,True,False,False,
scene0029_02,ok,bathroom,mixed_other,25,2,1,1,0,0,0,0,0,2,0,0,0,0,0,0,0,2,0,0,False,False,True,False,False,
scene0042_00,ok,bathroom,mixed_other,18,2,1,1,0,0,0,0,0,2,0,0,0,0,0,0,0,2,0,0,False,False,True,False,False,
scene0042_01,ok,bathroom,mixed_other,19,2,1,1,0,0,0,0,0,2,0,0,0,0,0,0,0,2,0,0,False,False,True,False,False,
scene0042_02,ok,bathroom,mixed_other,21,2,1,1,0,0,0,0,0,2,0,0,0,0,0,0,0,2,0,0,False,False,True,False,False,
scene0044_01,ok,stairs,mixed_other,18,2,1,1,0,0,0,0,0,2,0,0,0,0,0,0,0,2,0,0,False,False,True,False,False,
scene0062_00,ok,bathroom,mixed_other,24,2,1,1,0,0,0,0,0,2,0,0,0,0,0,0,0,2,0,0,False,False,True,False,False,
scene0062_01,ok,bathroom,mixed_other,21,2,1,1,0,0,0,0,0,2,0,0,0,0,0,0,0,2,0,0,False,False,True,False,False,
scene0062_02,ok,bathroom,mixed_other,23,2,1,1,0,0,0,0,0,2,0,0,0,0,0,0,0,2,0,0,False,False,True,False,False,
scene0067_00,ok,bathroom,mixed_other,15,2,1,1,0,0,0,0,0,2,0,0,0,0,0,0,0,2,0,0,False,False,True,False,False,
scene0067_01,ok,bathroom,mixed_other,12,2,1,1,0,0,0,0,0,2,0,0,0,0,0,0,0,2,0,0,False,False,True,False,False,
scene0067_02,ok,bathroom,mixed_other,20,2,1,1,0,0,0,0,0,2,0,0,0,0,0,0,0,2,0,0,False,False,True,False,False,
scene0071_00,ok,hallway,mixed_other,8,2,1,1,0,0,0,0,0,2,0,0,0,0,0,0,0,2,0,0,False,False,True,False,False,
scene0084_00,ok,bathroom,mixed_other,48,2,1,1,0,0,0,0,0,2,0,0,0,0,0,0,0,2,0,0,False,False,True,False,False,
scene0084_01,ok,bathroom,mixed_other,49,2,1,1,0,0,0,0,0,2,0,0,0,0,0,0,0,2,0,0,False,False,True,False,False,
scene0084_02,ok,bathroom,mixed_other,45,2,1,1,0,0,0,0,0,2,0,0,0,0,0,0,0,2,0,0,False,False,True,False,False,
scene0090_00,ok,bathroom,mixed_other,20,2,1,1,0,0,0,0,0,2,0,0,0,0,0,0,0,2,0,0,False,False,True,False,False,
scene0109_00,ok,copy/mail room,mixed_other,19,2,1,1,0,0,0,0,0,0,2,0,0,0,0,0,0,0,2,0,False,False,True,False,False,
scene0109_01,ok,copy/mail room,mixed_other,21,2,1,1,0,0,0,0,0,0,2,0,0,0,0,0,0,0,2,0,False,False,True,False,False,
scene0116_01,ok,bathroom,mixed_other,33,2,1,1,0,0,0,0,0,2,0,0,0,0,0,0,0,2,0,0,False,False,True,False,False,
scene0116_02,ok,bathroom,mixed_other,33,2,1,1,0,0,0,0,0,2,0,0,0,0,0,0,0,2,0,0,False,False,True,False,False,
scene0120_00,ok,copy/mail room,mixed_other,26,2,1,1,0,0,0,0,0,0,2,0,0,0,0,0,0,0,2,0,False,False,True,False,False,
scene0120_01,ok,copy/mail room,mixed_other,22,2,1,1,0,0,0,0,0,0,2,0,0,0,0,0,0,0,2,0,False,False,True,False,False,
scene0029_00,ok,bathroom,mixed_other,26,1,1,1,0,0,0,0,0,1,0,0,0,0,0,0,0,1,0,0,False,False,True,False,False,
scene0029_01,ok,bathroom,mixed_other,25,1,1,1,0,0,0,0,0,1,0,0,0,0,0,0,0,1,0,0,False,False,True,False,False,
scene0044_00,ok,stairs,mixed_other,13,1,1,1,0,0,0,0,0,1,0,0,0,0,0,0,0,1,0,0,False,False,True,False,False,
scene0044_02,ok,stairs,mixed_other,16,1,1,1,0,0,0,0,0,1,0,0,0,0,0,0,0,1,0,0,False,False,True,False,False,
scene0074_00,ok,closet,mixed_other,28,1,1,1,0,0,0,0,0,1,0,0,0,0,0,0,0,1,0,0,False,False,True,False,False,
scene0074_01,ok,closet,mixed_other,20,1,1,1,0,0,0,0,0,1,0,0,0,0,0,0,0,1,0,0,False,False,True,False,False,
scene0074_02,ok,closet,mixed_other,23,1,1,1,0,0,0,0,0,1,0,0,0,0,0,0,0,1,0,0,False,False,True,False,False,
scene0083_00,ok,bathroom,mixed_other,16,1,1,1,0,0,0,0,0,1,0,0,0,0,0,0,0,1,0,0,False,False,True,False,False,
scene0083_01,ok,bathroom,mixed_other,16,1,1,1,0,0,0,0,0,1,0,0,0,0,0,0,0,1,0,0,False,False,True,False,False,
scene0105_01,ok,bathroom,mixed_other,17,1,1,1,0,0,0,0,0,1,0,0,0,0,0,0,0,1,0,0,False,False,True,False,False,
scene0105_02,ok,bathroom,mixed_other,19,1,1,1,0,0,0,0,0,1,0,0,0,0,0,0,0,1,0,0,False,False,True,False,False,
scene0112_00,ok,bathroom,mixed_other,17,1,1,1,0,0,0,0,0,1,0,0,0,0,0,0,0,1,0,0,False,False,True,False,False,
scene0112_01,ok,bathroom,mixed_other,18,1,1,1,0,0,0,0,0,1,0,0,0,0,0,0,0,1,0,0,False,False,True,False,False,
scene0112_02,ok,bathroom,mixed_other,17,1,1,1,0,0,0,0,0,1,0,0,0,0,0,0,0,1,0,0,False,False,True,False,False,
scene0146_00,ok,bathroom,mixed_other,19,1,1,1,0,0,0,0,0,1,0,0,0,0,0,0,0,1,0,0,False,False,True,False,False,
scene0146_01,ok,bathroom,mixed_other,19,1,1,1,0,0,0,0,0,1,0,0,0,0,0,0,0,1,0,0,False,False,True,False,False,
scene0146_02,ok,bathroom,mixed_other,20,1,1,1,0,0,0,0,0,1,0,0,0,0,0,0,0,1,0,0,False,False,True,False,False,
scene0028_00,missing_files,unknown,mixed_other,0,0,0,0,0,0,0,0,0,0,0,0,0,0,0,0,0,0,0,0,False,False,False,False,False,aggregation or segs file missing
scene0052_00,ok,copy/mail room,mixed_other,14,0,0,0,0,0,0,0,0,0,0,0,0,0,0,0,0,0,0,0,False,False,False,False,False,
scene0052_01,ok,copy/mail room,mixed_other,16,0,0,0,0,0,0,0,0,0,0,0,0,0,0,0,0,0,0,0,False,False,False,False,False,
scene0052_02,ok,copy/mail room,mixed_other,14,0,0,0,0,0,0,0,0,0,0,0,0,0,0,0,0,0,0,0,False,False,False,False,False,
scene0105_00,ok,bathroom,mixed_other,18,0,0,0,0,0,0,0,0,0,0,0,0,0,0,0,0,0,0,0,False,False,False,False,False,
